{
  "device": "cuda:0",
  "device_name": "Tesla T4",
  "latency_ms_per_token": 1136.7983712811447,
  "latency_std": 1.12453868373704,
  "ttft_ms": 1113.0029281999668,
  "ttft_std": 1.697165591520498,
  "prefill_ms": 1110.8880926000893,
  "decode_ms_per_token": 1117.764611568748,
  "throughput_tokens_per_sec": 0.8798041484440742,
  "throughput_std": 0.0012971366789392093,
  "peak_memory_mb": 4415.89892578125,
  "model_size_gb": 3.8729326725006104,
  "total_params": 262410240,
  "bits_per_param": 16.0,
  "memory_efficiency": 0.8980919000402598,
  "kv_cache_size_mb": 1024.0,
  "flops_per_token_gflops": 12.073828352,
  "mfu_percent": 0.13114326261347256,
  "energy_per_token_mj": 55703.12019277609,
  "tdp_watts": 70.0,
  "compression_ratio": null,
  "speedup": null,
  "memory_reduction": null,
  "batch_throughput": null
}