{
  "device": "cuda:0",
  "device_name": "Tesla T4",
  "latency_ms_per_token": 81.11528768925022,
  "latency_std": 0.4403917215991996,
  "ttft_ms": 177.1629517000065,
  "ttft_std": 4.019021646419793,
  "prefill_ms": 187.97186100000545,
  "decode_ms_per_token": 79.08671728124936,
  "throughput_tokens_per_sec": 12.299112545371909,
  "throughput_std": 0.06957927388180392,
  "peak_memory_mb": 1859.11279296875,
  "model_size_gb": 3.7387773990631104,
  "total_params": 3752071168,
  "bits_per_param": 16.0,
  "memory_efficiency": 2.059319946116351,
  "kv_cache_size_mb": 1024.0,
  "flops_per_token_gflops": 12.073828352,
  "mfu_percent": 1.8333009105524722,
  "energy_per_token_mj": 3974.6490967732607,
  "tdp_watts": 70.0,
  "compression_ratio": null,
  "speedup": null,
  "memory_reduction": null,
  "batch_throughput": null
}