{
  "precision_at_1": null,
  "precision_at_3": null,
  "precision_at_5": null,
  "precision_at_10": null,
  "recall_at_1": null,
  "recall_at_3": null,
  "recall_at_5": null,
  "recall_at_10": null,
  "f1_at_1": null,
  "f1_at_3": null,
  "f1_at_5": null,
  "f1_at_10": null,
  "mrr": null,
  "map_score": null,
  "context_sufficiency": 0.7564913517189559,
  "context_precision": 0.6339590964590964,
  "context_coverage": 0.7160806659135333,
  "avg_context_length": 1237.1,
  "avg_retrieval_score": 0.7846282181446008,
  "retrieval_consistency": 0.0954612177898659,
  "avg_chunks_retrieved": 3.0,
  "exact_match": 0.0,
  "f1_score": 0.13335168647355894,
  "answer_relevance": 0.06530830280830281,
  "faithfulness": 0.33299755799755804,
  "rouge1": 0.17594244267276943,
  "rouge2": 0.06996260683760683,
  "rougeL": 0.13730287257093515,
  "bertscore_f1": 0.43728479743003845,
  "avg_answer_length": 21.4,
  "no_rag_f1": 0.16193433674613206,
  "no_rag_exact_match": 0.0,
  "f1_improvement": -0.028582650272573118,
  "em_improvement": 0.0,
  "avg_retrieval_time_ms": 27.55217150001954,
  "std_retrieval_time_ms": 2.6811347611630834,
  "avg_rag_generation_time_ms": 9493.322570200007,
  "std_rag_generation_time_ms": 3685.015880265833,
  "avg_no_rag_generation_time_ms": 10119.016663900014,
  "std_no_rag_generation_time_ms": 2302.5003334620624,
  "rag_tokens_per_sec": 4.50843207775866,
  "no_rag_tokens_per_sec": 6.640961491815565,
  "generation_speedup": 1.0659088626846085,
  "evaluation_mode": "qa",
  "num_questions": 10
}