{
  "device": "cuda:0",
  "device_name": "Tesla T4",
  "latency_ms_per_token": 84.13969510180975,
  "latency_std": 0.31442185260453986,
  "ttft_ms": 164.49093059995903,
  "ttft_std": 0.2699078244271952,
  "prefill_ms": 175.25659460002316,
  "decode_ms_per_token": 82.69992033200106,
  "throughput_tokens_per_sec": 11.60369459227907,
  "throughput_std": 0.2783967699582307,
  "peak_memory_mb": 1859.11279296875,
  "model_size_gb": 3.7387773990631104,
  "total_params": 3752071168,
  "bits_per_param": 16.0,
  "memory_efficiency": 2.059319946116351,
  "kv_cache_size_mb": 1024.0,
  "flops_per_token_gflops": 12.073828352,
  "mfu_percent": 1.7296421821754087,
  "energy_per_token_mj": 4122.845059988678,
  "tdp_watts": 70.0,
  "compression_ratio": null,
  "speedup": null,
  "memory_reduction": null,
  "batch_throughput": null
}