{
  "precision_at_1": null,
  "precision_at_3": null,
  "precision_at_5": null,
  "precision_at_10": null,
  "recall_at_1": null,
  "recall_at_3": null,
  "recall_at_5": null,
  "recall_at_10": null,
  "f1_at_1": null,
  "f1_at_3": null,
  "f1_at_5": null,
  "f1_at_10": null,
  "mrr": null,
  "map_score": null,
  "context_sufficiency": 0.79562520724763,
  "context_precision": 0.564162087912088,
  "context_coverage": 0.7559862600088753,
  "avg_context_length": 1308.45,
  "avg_retrieval_score": 0.8003512147177998,
  "retrieval_consistency": 0.09021948728177873,
  "avg_chunks_retrieved": 3.0,
  "exact_match": 0.0,
  "f1_score": 0.20519307717372212,
  "answer_relevance": 0.08276603247812993,
  "faithfulness": 0.5387358921428662,
  "rouge1": 0.2441099899770945,
  "rouge2": 0.08630175138647286,
  "rougeL": 0.17736336261164634,
  "bertscore_f1": 0.6143503189086914,
  "avg_answer_length": 31.95,
  "no_rag_f1": 0.18133050545152116,
  "no_rag_exact_match": 0.0,
  "f1_improvement": 0.023862571722200965,
  "em_improvement": 0.0,
  "avg_retrieval_time_ms": 27.970333249959367,
  "std_retrieval_time_ms": 1.7977500806670543,
  "avg_rag_generation_time_ms": 10443.942707700011,
  "std_rag_generation_time_ms": 4819.42700121376,
  "avg_no_rag_generation_time_ms": 9964.96052940006,
  "std_no_rag_generation_time_ms": 1463.564671438131,
  "rag_tokens_per_sec": 4.370270732068074,
  "no_rag_tokens_per_sec": 7.059736944511051,
  "generation_speedup": 0.9541378010483711,
  "evaluation_mode": "qa",
  "num_questions": 20
}