{
  "device": "cuda:0",
  "device_name": "Tesla T4",
  "latency_ms_per_token": 62.970967578778094,
  "latency_std": 0.19006386226669278,
  "ttft_ms": 68.8399236000123,
  "ttft_std": 0.0709817798995079,
  "prefill_ms": 69.85416159996021,
  "decode_ms_per_token": 61.3637488875007,
  "throughput_tokens_per_sec": 15.838350984377307,
  "throughput_std": 0.017878405649521922,
  "peak_memory_mb": 7013.02783203125,
  "model_size_gb": 13.48877739906311,
  "total_params": 7241732096,
  "bits_per_param": 16.0,
  "memory_efficiency": 1.9695498702505472,
  "kv_cache_size_mb": 1024.0,
  "flops_per_token_gflops": 12.073828352,
  "mfu_percent": 2.360858409433356,
  "energy_per_token_mj": 3085.5774113601265,
  "tdp_watts": 70.0,
  "compression_ratio": null,
  "speedup": null,
  "memory_reduction": null,
  "batch_throughput": null
}