{
  "device": "cuda:0",
  "device_name": "Tesla T4",
  "latency_ms_per_token": 62.48158874800038,
  "latency_std": 0.1251673629661939,
  "ttft_ms": 68.30272000001969,
  "ttft_std": 0.10863504595580771,
  "prefill_ms": 68.66478599990842,
  "decode_ms_per_token": 60.25986190400181,
  "throughput_tokens_per_sec": 15.969025654605144,
  "throughput_std": 0.030648891621653167,
  "peak_memory_mb": 7010.65087890625,
  "model_size_gb": 13.48877739906311,
  "total_params": 7241732096,
  "bits_per_param": 16.0,
  "memory_efficiency": 1.970217643870971,
  "kv_cache_size_mb": 1024.0,
  "flops_per_token_gflops": 12.073828352,
  "mfu_percent": 2.3803367247208262,
  "energy_per_token_mj": 3061.5978486520185,
  "tdp_watts": 70.0,
  "compression_ratio": null,
  "speedup": null,
  "memory_reduction": null,
  "batch_throughput": null
}