{
  "precision_at_1": null,
  "precision_at_3": null,
  "precision_at_5": null,
  "precision_at_10": null,
  "recall_at_1": null,
  "recall_at_3": null,
  "recall_at_5": null,
  "recall_at_10": null,
  "f1_at_1": null,
  "f1_at_3": null,
  "f1_at_5": null,
  "f1_at_10": null,
  "mrr": null,
  "map_score": null,
  "context_sufficiency": 0.7564913517189559,
  "context_precision": 0.6339590964590964,
  "context_coverage": 0.7160806659135333,
  "avg_context_length": 1237.1,
  "avg_retrieval_score": 0.7846282181446008,
  "retrieval_consistency": 0.0954612177898659,
  "avg_chunks_retrieved": 3.0,
  "exact_match": 0.0,
  "f1_score": 0.18304144328444036,
  "answer_relevance": 0.10858950808770158,
  "faithfulness": 0.4136087693474285,
  "rouge1": 0.23439385489849007,
  "rouge2": 0.08832372283536238,
  "rougeL": 0.16913790522300665,
  "bertscore_f1": 0.5283280611038208,
  "avg_answer_length": 25.0,
  "no_rag_f1": 0.17238942626908935,
  "no_rag_exact_match": 0.0,
  "f1_improvement": 0.010652017015351012,
  "em_improvement": 0.0,
  "avg_retrieval_time_ms": 23.68239199997788,
  "std_retrieval_time_ms": 2.9638087817038694,
  "avg_rag_generation_time_ms": 6531.947512800003,
  "std_rag_generation_time_ms": 2575.273396121473,
  "avg_no_rag_generation_time_ms": 7559.317701800001,
  "std_no_rag_generation_time_ms": 1727.2562263846125,
  "rag_tokens_per_sec": 6.378904084121416,
  "no_rag_tokens_per_sec": 9.286552407141746,
  "generation_speedup": 1.1572839014684002,
  "evaluation_mode": "qa",
  "num_questions": 10
}