{
  "precision_at_1": null,
  "precision_at_3": null,
  "precision_at_5": null,
  "precision_at_10": null,
  "recall_at_1": null,
  "recall_at_3": null,
  "recall_at_5": null,
  "recall_at_10": null,
  "f1_at_1": null,
  "f1_at_3": null,
  "f1_at_5": null,
  "f1_at_10": null,
  "mrr": null,
  "map_score": null,
  "context_sufficiency": 0.79562520724763,
  "context_precision": 0.564162087912088,
  "context_coverage": 0.7559862600088753,
  "avg_context_length": 1308.45,
  "avg_retrieval_score": 0.8003512147177998,
  "retrieval_consistency": 0.09021948728177873,
  "avg_chunks_retrieved": 3.0,
  "exact_match": 0.0,
  "f1_score": 0.2169760144328357,
  "answer_relevance": 0.09415069023829996,
  "faithfulness": 0.5592919287190867,
  "rouge1": 0.2791599103501475,
  "rouge2": 0.09186885396300587,
  "rougeL": 0.19682303183239896,
  "bertscore_f1": 0.6577500104904175,
  "avg_answer_length": 33.75,
  "no_rag_f1": 0.19042242794096448,
  "no_rag_exact_match": 0.0,
  "f1_improvement": 0.02655358649187123,
  "em_improvement": 0.0,
  "avg_retrieval_time_ms": 24.704345949976414,
  "std_retrieval_time_ms": 2.0010966361796596,
  "avg_rag_generation_time_ms": 8435.462849900021,
  "std_rag_generation_time_ms": 3838.8196635455383,
  "avg_no_rag_generation_time_ms": 7855.230599149945,
  "std_no_rag_generation_time_ms": 1255.2386269174337,
  "rag_tokens_per_sec": 5.334621324369101,
  "no_rag_tokens_per_sec": 9.344092331031376,
  "generation_speedup": 0.9312151258235992,
  "evaluation_mode": "qa",
  "num_questions": 20
}