{
  "model": {
    "name": "Mistral 7B Instruct v0.1",
    "precision": "AWQ 4-bit",
    "quantization_method": "AWQ",
    "group_size": 128,
    "parameters": 262410240,
    "size_gb": 0.48877716064453125,
    "bits_per_param": 4.0
  },
  "efficiency": {
    "latency_ms_per_token": 78.68238826539104,
    "latency_std": 0.8775007841688579,
    "ttft_ms": 79.24913999995624,
    "ttft_std": 0.7987082842009829,
    "prefill_ms": 92.76431999987835,
    "decode_ms_per_token": 77.22220192187592,
    "throughput_tokens_per_sec": 12.793145999478076,
    "throughput_std": 0.031938336250393703,
    "peak_memory_gb": 1.8252382278442383,
    "peak_memory_mb": 1869.0439453125,
    "model_size_gb": 3.8657305240631104,
    "memory_efficiency": 2.1179320403719943,
    "kv_cache_size_mb": 1024.0,
    "flops_per_token_gflops": 12.073828352,
    "mfu_percent": 1.9069413441947378,
    "tdp_watts": 70.0,
    "energy_per_token_mj": 3855.4370250041607
  },
  "performance": {
    "perplexity": 13.474206393887107,
    "perplexity_dataset": "wikitext/wikitext-2-raw-v1",
    "average_accuracy": null,
    "num_tasks_evaluated": 0,
    "lm_eval_scores": {}
  },
  "retrieval": {
    "context_sufficiency": 0.79562520724763,
    "context_precision": 0.564162087912088,
    "context_coverage": 0.7559862600088753,
    "avg_context_length": 1308.45,
    "avg_retrieval_score": 0.8003512147177998,
    "retrieval_consistency": 0.09021948728177873,
    "avg_chunks_retrieved": 3.0,
    "exact_match": 0.0,
    "f1_score": 0.1906191584946215,
    "answer_relevance": 0.08206764712694058,
    "faithfulness": 0.4758172931023716,
    "rouge1": 0.2427433949480779,
    "rouge2": 0.08751490714888063,
    "rougeL": 0.18136934841420102,
    "bertscore_f1": 0.6151592135429382,
    "no_rag_f1": 0.1652375647459894,
    "no_rag_exact_match": 0.0,
    "f1_improvement": 0.02538159374863208,
    "em_improvement": 0.0,
    "avg_retrieval_time_ms": 26.109179249806402,
    "avg_rag_generation_time_ms": 9993.864257549876,
    "avg_no_rag_generation_time_ms": 7744.153721050087,
    "rag_tokens_per_sec": 4.359817929137118,
    "no_rag_tokens_per_sec": 7.937676659000884,
    "generation_speedup": 0.7748908251580221
  },
  "metadata": {
    "num_questions": 20,
    "device": "cuda:0",
    "device_name": "Tesla T4"
  }
}