{
  "device": "cuda:0",
  "device_name": "Tesla T4",
  "latency_ms_per_token": 78.68238826539104,
  "latency_std": 0.8775007841688579,
  "ttft_ms": 79.24913999995624,
  "ttft_std": 0.7987082842009829,
  "prefill_ms": 92.76431999987835,
  "decode_ms_per_token": 77.22220192187592,
  "throughput_tokens_per_sec": 12.793145999478076,
  "throughput_std": 0.031938336250393703,
  "peak_memory_mb": 1869.0439453125,
  "model_size_gb": 3.8657305240631104,
  "total_params": 262410240,
  "bits_per_param": 16.0,
  "memory_efficiency": 2.1179320403719943,
  "kv_cache_size_mb": 1024.0,
  "flops_per_token_gflops": 12.073828352,
  "mfu_percent": 1.9069413441947378,
  "energy_per_token_mj": 3855.4370250041607,
  "tdp_watts": 70.0,
  "compression_ratio": null,
  "speedup": null,
  "memory_reduction": null,
  "batch_throughput": null
}