{
  "precision_at_1": null,
  "precision_at_3": null,
  "precision_at_5": null,
  "precision_at_10": null,
  "recall_at_1": null,
  "recall_at_3": null,
  "recall_at_5": null,
  "recall_at_10": null,
  "f1_at_1": null,
  "f1_at_3": null,
  "f1_at_5": null,
  "f1_at_10": null,
  "mrr": null,
  "map_score": null,
  "context_sufficiency": 0.79562520724763,
  "context_precision": 0.564162087912088,
  "context_coverage": 0.7559862600088753,
  "avg_context_length": 1308.45,
  "avg_retrieval_score": 0.8003512147177998,
  "retrieval_consistency": 0.09021948728177873,
  "avg_chunks_retrieved": 3.0,
  "exact_match": 0.0,
  "f1_score": 0.1906191584946215,
  "answer_relevance": 0.08206764712694058,
  "faithfulness": 0.4758172931023716,
  "rouge1": 0.2427433949480779,
  "rouge2": 0.08751490714888063,
  "rougeL": 0.18136934841420102,
  "bertscore_f1": 0.6151592135429382,
  "avg_answer_length": 30.5,
  "no_rag_f1": 0.1652375647459894,
  "no_rag_exact_match": 0.0,
  "f1_improvement": 0.02538159374863208,
  "em_improvement": 0.0,
  "avg_retrieval_time_ms": 26.109179249806402,
  "std_retrieval_time_ms": 3.150701945497286,
  "avg_rag_generation_time_ms": 9993.864257549876,
  "std_rag_generation_time_ms": 3510.723055055121,
  "avg_no_rag_generation_time_ms": 7744.153721050087,
  "std_no_rag_generation_time_ms": 3018.6176104931824,
  "rag_tokens_per_sec": 4.359817929137118,
  "no_rag_tokens_per_sec": 7.937676659000884,
  "generation_speedup": 0.7748908251580221,
  "evaluation_mode": "qa",
  "num_questions": 20
}