{
  "efficiency": {
    "device": "cuda:0",
    "device_name": "Tesla T4",
    "latency_ms_per_token": 91.71866674706429,
    "latency_std": 1.249848975927064,
    "ttft_ms": 510.2222391999817,
    "ttft_std": 0.9866493521349664,
    "prefill_ms": 521.4148237999552,
    "decode_ms_per_token": 86.68847950937531,
    "throughput_tokens_per_sec": 10.929689757010644,
    "throughput_std": 0.13517564396956544,
    "peak_memory_mb": 1968.48779296875,
    "model_size_gb": 3.7387773990631104,
    "total_params": 3752071168,
    "bits_per_param": 16.0,
    "memory_efficiency": 1.9448980432165692,
    "kv_cache_size_mb": 1024.0,
    "flops_per_token_gflops": 12.073828352,
    "mfu_percent": 1.6291752847748038,
    "energy_per_token_mj": 6420.3066722945005,
    "tdp_watts": 70.0,
    "compression_ratio": 3.6078043593724582,
    "speedup": 0.6918631557700966,
    "memory_reduction": 3.5627862639443797,
    "batch_throughput": null
  },
  "performance": {
    "perplexity": 13.550688184362704,
    "perplexity_dataset": "wikitext/wikitext-2-raw-v1",
    "lm_eval_scores": {},
    "average_accuracy": null,
    "num_tasks_evaluated": 0
  },
  "retrieval": {
    "precision_at_1": null,
    "precision_at_3": null,
    "precision_at_5": null,
    "precision_at_10": null,
    "recall_at_1": null,
    "recall_at_3": null,
    "recall_at_5": null,
    "recall_at_10": null,
    "f1_at_1": null,
    "f1_at_3": null,
    "f1_at_5": null,
    "f1_at_10": null,
    "mrr": null,
    "map_score": null,
    "context_sufficiency": 0.7859820244670939,
    "context_precision": 0.5912901912901912,
    "context_coverage": 0.7378797738911591,
    "avg_context_length": 1267.8666666666666,
    "avg_retrieval_score": 0.6917134172386593,
    "retrieval_consistency": 0.07784678330061884,
    "avg_chunks_retrieved": 3.0,
    "exact_match": 0.0,
    "f1_score": 0.22602804559799655,
    "answer_relevance": 0.09565658312765442,
    "faithfulness": 0.6840732008244335,
    "rouge1": 0.2911276070228369,
    "rouge2": 0.09325272585912717,
    "rougeL": 0.22967397849385665,
    "bertscore_f1": 0.8636417388916016,
    "avg_answer_length": 55.4,
    "no_rag_f1": 0.1659867165166089,
    "no_rag_exact_match": 0.0,
    "f1_improvement": 0.06004132908138765,
    "em_improvement": 0.0,
    "evaluation_mode": "qa",
    "num_questions": 15
  },
  "timing": {
    "efficiency_seconds": 247.84010338783264,
    "performance_seconds": 84.7599184513092,
    "retrieval_seconds": 490.053542137146,
    "total_seconds": 822.6633160114288
  },
  "errors": {},
  "metadata": {
    "model_path": "/kaggle/input/mistral/pytorch/7b-instruct-v0.1-hf/1",
    "model_type": "instruct",
    "timestamp": "2025-11-02 09:39:19"
  }
}