{
  "device": "cuda:0",
  "device_name": "Tesla T4",
  "latency_ms_per_token": 91.71866674706429,
  "latency_std": 1.249848975927064,
  "ttft_ms": 510.2222391999817,
  "ttft_std": 0.9866493521349664,
  "prefill_ms": 521.4148237999552,
  "decode_ms_per_token": 86.68847950937531,
  "throughput_tokens_per_sec": 10.929689757010644,
  "throughput_std": 0.13517564396956544,
  "peak_memory_mb": 1968.48779296875,
  "model_size_gb": 3.7387773990631104,
  "total_params": 3752071168,
  "bits_per_param": 16.0,
  "memory_efficiency": 1.9448980432165692,
  "kv_cache_size_mb": 1024.0,
  "flops_per_token_gflops": 12.073828352,
  "mfu_percent": 1.6291752847748038,
  "energy_per_token_mj": 6420.3066722945005,
  "tdp_watts": 70.0,
  "compression_ratio": 3.6078043593724582,
  "speedup": 0.6918631557700966,
  "memory_reduction": 3.5627862639443797,
  "batch_throughput": null
}