{
  "precision_at_1": null,
  "precision_at_3": null,
  "precision_at_5": null,
  "precision_at_10": null,
  "recall_at_1": null,
  "recall_at_3": null,
  "recall_at_5": null,
  "recall_at_10": null,
  "f1_at_1": null,
  "f1_at_3": null,
  "f1_at_5": null,
  "f1_at_10": null,
  "mrr": null,
  "map_score": null,
  "context_sufficiency": 0.7859820244670939,
  "context_precision": 0.5912901912901912,
  "context_coverage": 0.7378797738911591,
  "avg_context_length": 1267.8666666666666,
  "avg_retrieval_score": 0.6917134172386593,
  "retrieval_consistency": 0.07784678330061884,
  "avg_chunks_retrieved": 3.0,
  "exact_match": 0.0,
  "f1_score": 0.22602804559799655,
  "answer_relevance": 0.09565658312765442,
  "faithfulness": 0.6840732008244335,
  "rouge1": 0.2911276070228369,
  "rouge2": 0.09325272585912717,
  "rougeL": 0.22967397849385665,
  "bertscore_f1": 0.8636417388916016,
  "avg_answer_length": 55.4,
  "no_rag_f1": 0.1659867165166089,
  "no_rag_exact_match": 0.0,
  "f1_improvement": 0.06004132908138765,
  "em_improvement": 0.0,
  "evaluation_mode": "qa",
  "num_questions": 15
}