{
  "latency_ms_per_token": 91.71866674706429,
  "throughput_tokens_per_sec": 10.929689757010644,
  "peak_memory_gb": 1.922351360321045,
  "model_size_gb": 3.7387773990631104,
  "perplexity": 13.550688184362704,
  "exact_match": 0.0,
  "faithfulness": 0.6840732008244335,
  "total_eval_time_seconds": 822.6633160114288
}