{
  "efficiency": {
    "device": "cuda:0",
    "device_name": "Tesla T4",
    "latency_ms_per_token": 63.45676621864972,
    "latency_std": 0.11664216477558466,
    "ttft_ms": 69.07266499997604,
    "ttft_std": 0.08342282769728812,
    "prefill_ms": 71.03280780002024,
    "decode_ms_per_token": 61.599292150000906,
    "throughput_tokens_per_sec": 15.715031741149163,
    "throughput_std": 0.026470685778868595,
    "peak_memory_mb": 7013.30126953125,
    "model_size_gb": 13.48877739906311,
    "total_params": 7241732096,
    "bits_per_param": 16.0,
    "memory_efficiency": 1.9694730806229597,
    "kv_cache_size_mb": 1024.0,
    "flops_per_token_gflops": 12.073828352,
    "mfu_percent": 2.342476491220576,
    "energy_per_token_mj": 4441.9736353054805,
    "tdp_watts": 70.0,
    "compression_ratio": null,
    "speedup": null,
    "memory_reduction": null,
    "batch_throughput": null
  },
  "performance": {
    "perplexity": 13.313827352511062,
    "perplexity_dataset": "wikitext/wikitext-2-raw-v1",
    "lm_eval_scores": {},
    "average_accuracy": null,
    "num_tasks_evaluated": 0
  },
  "retrieval": {
    "precision_at_1": null,
    "precision_at_3": null,
    "precision_at_5": null,
    "precision_at_10": null,
    "recall_at_1": null,
    "recall_at_3": null,
    "recall_at_5": null,
    "recall_at_10": null,
    "f1_at_1": null,
    "f1_at_3": null,
    "f1_at_5": null,
    "f1_at_10": null,
    "mrr": null,
    "map_score": null,
    "context_sufficiency": 0.7859820244670939,
    "context_precision": 0.5912901912901912,
    "context_coverage": 0.7378797738911591,
    "avg_context_length": 1267.8666666666666,
    "avg_retrieval_score": 0.6917134172386593,
    "retrieval_consistency": 0.07784678330061884,
    "avg_chunks_retrieved": 3.0,
    "exact_match": 0.0,
    "f1_score": 0.2549478574017274,
    "answer_relevance": 0.1137888633596499,
    "faithfulness": 0.706995206885949,
    "rouge1": 0.31674567566495543,
    "rouge2": 0.09678252966718613,
    "rougeL": 0.2508363839769011,
    "bertscore_f1": 0.866741418838501,
    "avg_answer_length": 58.666666666666664,
    "no_rag_f1": 0.15054444425112773,
    "no_rag_exact_match": 0.0,
    "f1_improvement": 0.10440341315059964,
    "em_improvement": 0.0,
    "evaluation_mode": "qa",
    "num_questions": 15
  },
  "timing": {
    "efficiency_seconds": 182.7265272140503,
    "performance_seconds": 14.243818044662476,
    "retrieval_seconds": 271.3617742061615,
    "total_seconds": 468.3415608406067
  },
  "errors": {},
  "metadata": {
    "model_path": "/kaggle/input/mistral/pytorch/7b-instruct-v0.1-hf/1",
    "model_type": "instruct",
    "timestamp": "2025-11-02 09:02:33"
  }
}