{
  "exact_match": 0.0,
  "f1_score": 0.2549478574017274,
  "answer_relevance": 0.1137888633596499,
  "avg_answer_length": 58.666666666666664,
  "rouge1": 0.31674567566495543,
  "rouge2": 0.09678252966718613,
  "rougeL": 0.2508363839769011,
  "bertscore_precision": 0.8663858771324158,
  "bertscore_recall": 0.8675046563148499,
  "bertscore_f1": 0.866741418838501,
  "faithfulness": 0.706995206885949,
  "no_rag_f1": 0.15054444425112773,
  "no_rag_exact_match": 0.0,
  "f1_improvement": 0.10440341315059964,
  "em_improvement": 0.0,
  "context_sufficiency": 0.7859820244670939,
  "context_precision": 0.5912901912901912,
  "context_coverage": 0.7378797738911591,
  "avg_context_length": 1267.8666666666666,
  "avg_retrieval_score": 0.6917134172386593,
  "retrieval_consistency": 0.07784678330061884,
  "avg_chunks_retrieved": 3.0
}