{
  "device": "cuda:0",
  "device_name": "Tesla T4",
  "latency_ms_per_token": 63.45676621864972,
  "latency_std": 0.11664216477558466,
  "ttft_ms": 69.07266499997604,
  "ttft_std": 0.08342282769728812,
  "prefill_ms": 71.03280780002024,
  "decode_ms_per_token": 61.599292150000906,
  "throughput_tokens_per_sec": 15.715031741149163,
  "throughput_std": 0.026470685778868595,
  "peak_memory_mb": 7013.30126953125,
  "model_size_gb": 13.48877739906311,
  "total_params": 7241732096,
  "bits_per_param": 16.0,
  "memory_efficiency": 1.9694730806229597,
  "kv_cache_size_mb": 1024.0,
  "flops_per_token_gflops": 12.073828352,
  "mfu_percent": 2.342476491220576,
  "energy_per_token_mj": 4441.9736353054805,
  "tdp_watts": 70.0,
  "compression_ratio": null,
  "speedup": null,
  "memory_reduction": null,
  "batch_throughput": null
}