{
  "device": "cuda:0",
  "device_name": "Tesla T4",
  "latency_ms_per_token": 63.62993283440506,
  "latency_std": 0.1311529365278679,
  "ttft_ms": 69.22530920001009,
  "ttft_std": 0.15532323908127427,
  "prefill_ms": 70.66915139998855,
  "decode_ms_per_token": 61.63227613125031,
  "throughput_tokens_per_sec": 15.664722005347258,
  "throughput_std": 0.02318101600717649,
  "peak_memory_mb": 7013.30126953125,
  "model_size_gb": 13.48877739906311,
  "total_params": 7241732096,
  "bits_per_param": 16.0,
  "memory_efficiency": 1.9694730806229597,
  "kv_cache_size_mb": 1024.0,
  "flops_per_token_gflops": 12.073828352,
  "mfu_percent": 2.3349773416587656,
  "energy_per_token_mj": 4454.095298408353,
  "tdp_watts": 70.0,
  "compression_ratio": null,
  "speedup": null,
  "memory_reduction": null,
  "batch_throughput": null
}