{
  "precision_at_1": null,
  "precision_at_3": null,
  "precision_at_5": null,
  "precision_at_10": null,
  "recall_at_1": null,
  "recall_at_3": null,
  "recall_at_5": null,
  "recall_at_10": null,
  "f1_at_1": null,
  "f1_at_3": null,
  "f1_at_5": null,
  "f1_at_10": null,
  "mrr": null,
  "map_score": null,
  "context_sufficiency": 0.7859820244670939,
  "context_precision": 0.5912901912901912,
  "context_coverage": 0.7378797738911591,
  "avg_context_length": 1267.8666666666666,
  "avg_retrieval_score": 0.6917134172386593,
  "retrieval_consistency": 0.07784678330061884,
  "avg_chunks_retrieved": 3.0,
  "exact_match": 0.0,
  "f1_score": 0.22663061940609988,
  "answer_relevance": 0.10618511294783774,
  "faithfulness": 0.7082919395843932,
  "rouge1": 0.2886013927664643,
  "rouge2": 0.0844720124919429,
  "rougeL": 0.2235347195851685,
  "bertscore_f1": 0.8628257513046265,
  "avg_answer_length": 58.06666666666667,
  "no_rag_f1": 0.17674115360814385,
  "no_rag_exact_match": 0.0,
  "f1_improvement": 0.04988946579795603,
  "em_improvement": 0.0,
  "evaluation_mode": "qa",
  "num_questions": 15
}