{
  "latency_ms_per_token": 63.45676621864972,
  "throughput_tokens_per_sec": 15.715031741149163,
  "peak_memory_gb": 6.848927021026611,
  "model_size_gb": 13.48877739906311,
  "perplexity": 13.313827352511062,
  "exact_match": 0.0,
  "faithfulness": 0.706995206885949,
  "total_eval_time_seconds": 468.3415608406067
}